-- 1. TIPOS ENUM (Se crean solo si no existen para evitar errores)
DO $$ 
BEGIN
    IF NOT EXISTS (SELECT 1 FROM pg_type WHERE typname = 'estado_live') THEN
        CREATE TYPE estado_live AS ENUM ('en_vivo', 'finalizado');
    END IF;
    IF NOT EXISTS (SELECT 1 FROM pg_type WHERE typname = 'tipo_producto') THEN
        CREATE TYPE tipo_producto AS ENUM ('emote', 'badge', 'sticker');
    END IF;
    IF NOT EXISTS (SELECT 1 FROM pg_type WHERE typname = 'tipo_notificacion') THEN
        CREATE TYPE tipo_notificacion AS ENUM ('live_en_vivo', 'nuevo_seguidor', 'sistema', 'mensajes_nuevos');
    END IF;
    IF NOT EXISTS (SELECT 1 FROM pg_type WHERE typname = 'estado_reporte') THEN
        CREATE TYPE estado_reporte AS ENUM ('pendiente', 'revisado', 'desestimado');
    END IF;
END $$;

-- 1. TABLA USUARIOS
CREATE TABLE IF NOT EXISTS usuarios (
    usuario_id SERIAL PRIMARY KEY,
    username VARCHAR(20) UNIQUE NOT NULL,
    email VARCHAR(100) UNIQUE NOT NULL,
    password_hash VARCHAR(255) NOT NULL,
    avatar_url VARCHAR(255),
    creado_en TIMESTAMP DEFAULT CURRENT_TIMESTAMP
);

-- 2. CANALES
CREATE TABLE IF NOT EXISTS canales (
    canal_id SERIAL PRIMARY KEY,
    usuario_id INT UNIQUE NOT NULL,
    nombre_canal VARCHAR(100) NOT NULL,
    descripcion TEXT,
    logo_url VARCHAR(255),
    stream_key VARCHAR(100) UNIQUE NOT NULL,
    FOREIGN KEY (usuario_id) REFERENCES usuarios(usuario_id) ON DELETE CASCADE
);

-- 3. LIVE
CREATE TABLE IF NOT EXISTS live (
    live_id SERIAL PRIMARY KEY,
    canal_id INT NOT NULL,
    titulo VARCHAR(100) NOT NULL,
    contenido TEXT,
    descripcion TEXT,
    inicio TIMESTAMP DEFAULT CURRENT_TIMESTAMP,
    fin TIMESTAMP NULL,
    estado estado_live DEFAULT 'en_vivo',
    FOREIGN KEY (canal_id) REFERENCES canales(canal_id) ON DELETE CASCADE
);

-- 4. SEGUIDORES
CREATE TABLE IF NOT EXISTS seguidores (
    seguidor_id SERIAL PRIMARY KEY,
    usuario_id INT NOT NULL,
    canal_id INT NOT NULL,
    UNIQUE(usuario_id, canal_id),
    FOREIGN KEY (usuario_id) REFERENCES usuarios(usuario_id) ON DELETE CASCADE,
    FOREIGN KEY (canal_id) REFERENCES canales(canal_id) ON DELETE CASCADE
);

-- 5. HISTORIAL
CREATE TABLE IF NOT EXISTS historial (
    historial_id SERIAL PRIMARY KEY,
    usuario_id INT NOT NULL,
    canal_id INT NOT NULL,
    contenido TEXT NOT NULL,
    FOREIGN KEY (canal_id) REFERENCES canales(canal_id) ON DELETE CASCADE,
    FOREIGN KEY (usuario_id) REFERENCES usuarios(usuario_id) ON DELETE CASCADE
);

-- 6. CHAT LIVE
CREATE TABLE IF NOT EXISTS chat_live (
    mensaje_live_id BIGSERIAL PRIMARY KEY,
    usuario_id INT NOT NULL,
<<<<<<< HEAD
=======
    texto_chat TEXT,
>>>>>>> d93add9e5512120abffcdf2f2c06aa72b6df2944
    FOREIGN KEY (usuario_id) REFERENCES usuarios(usuario_id) ON DELETE CASCADE
);

-- 7. CHAT PRIVADO
CREATE TABLE IF NOT EXISTS chat_privado (
    mensaje_privado_id BIGSERIAL PRIMARY KEY,
    remitente_id INT NOT NULL,
    destinatario_id INT NOT NULL,
    contenido_texto TEXT NOT NULL,
    leido BOOLEAN DEFAULT FALSE,
    enviado_en TIMESTAMP DEFAULT CURRENT_TIMESTAMP,
    FOREIGN KEY (remitente_id) REFERENCES usuarios(usuario_id) ON DELETE CASCADE,
    FOREIGN KEY (destinatario_id) REFERENCES usuarios(usuario_id) ON DELETE CASCADE
);

-- 8. TIENDA
CREATE TABLE IF NOT EXISTS tienda (
    producto_id SERIAL PRIMARY KEY,
    nombre VARCHAR(100) NOT NULL,
    descripcion TEXT,
    precio_monedas INT NOT NULL,
    imagen_url VARCHAR(255) NOT NULL,
    tipo tipo_producto NOT NULL
);

-- 9. COLECCIÓN
CREATE TABLE IF NOT EXISTS coleccion (
    coleccion_id SERIAL PRIMARY KEY,
    usuario_id INT NOT NULL,
    producto_id INT NOT NULL,
    UNIQUE(usuario_id, producto_id),
    FOREIGN KEY (usuario_id) REFERENCES usuarios(usuario_id) ON DELETE CASCADE,
    FOREIGN KEY (producto_id) REFERENCES tienda(producto_id) ON DELETE CASCADE
);

-- 10. BLOQUEADOS
CREATE TABLE IF NOT EXISTS bloqueados (
    bloqueo_id SERIAL PRIMARY KEY,
    usuario_id INT NOT NULL,
    usuario_bloqueado_id INT NOT NULL,
    FOREIGN KEY (usuario_id) REFERENCES usuarios(usuario_id) ON DELETE CASCADE,
    FOREIGN KEY (usuario_bloqueado_id) REFERENCES usuarios(usuario_id) ON DELETE CASCADE
);

-- 11. NOTIFICACIÓN
CREATE TABLE IF NOT EXISTS notificacion (
    notificacion_id SERIAL PRIMARY KEY,
    usuario_id INT NOT NULL,
    titulo VARCHAR(100) NOT NULL,
    mensaje VARCHAR(255) NOT NULL,
    tipo tipo_notificacion NOT NULL,
    creado_en TIMESTAMP DEFAULT CURRENT_TIMESTAMP,
    FOREIGN KEY (usuario_id) REFERENCES usuarios(usuario_id) ON DELETE CASCADE
);

-- 12. BILLETERA
CREATE TABLE IF NOT EXISTS billetera (
    billetera_id SERIAL PRIMARY KEY,
    usuario_id INT UNIQUE NOT NULL,
    saldo_monedas INT DEFAULT 0,
    FOREIGN KEY (usuario_id) REFERENCES usuarios(usuario_id) ON DELETE CASCADE
);

-- 13. REPORTES
CREATE TABLE IF NOT EXISTS reportes (
    reporte_id SERIAL PRIMARY KEY,
    denunciante_id INT NOT NULL,
    denunciado_id INT NOT NULL,
    motivo VARCHAR(500) NOT NULL,
    estado estado_reporte DEFAULT 'pendiente',
    creado_en TIMESTAMP DEFAULT CURRENT_TIMESTAMP,
    FOREIGN KEY (denunciante_id) REFERENCES usuarios(usuario_id) ON DELETE CASCADE,
    FOREIGN KEY (denunciado_id) REFERENCES usuarios(usuario_id) ON DELETE CASCADE
<<<<<<< HEAD
);
=======
);
-- =========================================================
-- INSERTS TABLA USUARIOS (100 FILAS)
-- =========================================================
INSERT INTO usuarios (username, email, password_hash, avatar_url, creado_en) VALUES 
('alexgamer', 'alexgamer@gmail.com', 'hash001', 'https://avatar.com', '2025-01-01 10:00:00'),
('mariastream', 'maria@gmail.com', 'hash002', 'https://avatar.com', '2025-01-01 10:05:00'),
('juanlol', 'juan@gmail.com', 'hash003', 'https://avatar.com', '2025-01-01 10:10:00'),
('luciaval', 'lucia@gmail.com', 'hash004', 'https://avatar.com', '2025-01-01 10:15:00'),
('pedromc', 'pedro@gmail.com', 'hash005', 'https://avatar.com', '2025-01-01 10:20:00'),
('sofiplay', 'sofia@gmail.com', 'hash006', 'https://avatar.com', '2025-01-01 10:25:00'),
('miguelpro', 'miguel@gmail.com', 'hash007', 'https://avatar.com', '2025-01-01 10:30:00'),
('carlitox', 'carlos@gmail.com', 'hash008', 'https://avatar.com', '2025-01-01 10:35:00'),
('danifps', 'daniel@gmail.com', 'hash009', 'https://avatar.com', '2025-01-01 10:40:00'),
('valegames', 'valentina@gmail.com', 'hash010', 'https://avatar.com', '2025-01-01 10:45:00'),
('fernandito', 'fernando@gmail.com', 'hash011', 'https://avatar.com', '2025-01-01 10:50:00'),
('camigaming', 'camila@gmail.com', 'hash012', 'https://avatar.com', '2025-01-01 10:55:00'),
('tomasgg', 'tomas@gmail.com', 'hash013', 'https://avatar.com', '2025-01-01 11:00:00'),
('nicolaslive', 'nicolas@gmail.com', 'hash014', 'https://avatar.com', '2025-01-01 11:05:00'),
('martinajr', 'martina@gmail.com', 'hash015', 'https://avatar.com', '2025-01-01 11:10:00'),
('robertoplay', 'roberto@gmail.com', 'hash016', 'https://avatar.com', '2025-01-01 11:15:00'),
('julietalive', 'julieta@gmail.com', 'hash017', 'https://avatar.com', '2025-01-01 11:20:00'),
('cristianyt', 'cristian@gmail.com', 'hash018', 'https://avatar.com', '2025-01-01 11:25:00'),
('andrespro', 'andres@gmail.com', 'hash019', 'https://avatar.com', '2025-01-01 11:30:00'),
('elenafps', 'elena@gmail.com', 'hash020', 'https://avatar.com', '2025-01-01 11:35:00'),
('pablomaster', 'pablo@gmail.com', 'hash021', 'https://avatar.com', '2025-01-01 11:40:00'),
('adrianplay', 'adrian@gmail.com', 'hash022', 'https://avatar.com', '2025-01-01 11:45:00'),
('gabrielgg', 'gabriel@gmail.com', 'hash023', 'https://avatar.com', '2025-01-01 11:50:00'),
('lauragame', 'laura@gmail.com', 'hash024', 'https://avatar.com', '2025-01-01 11:55:00'),
('santiagox', 'santiago@gmail.com', 'hash025', 'https://avatar.com', '2025-01-01 12:00:00'),
('beatriztv', 'beatriz@gmail.com', 'hash026', 'https://avatar.com', '2025-01-01 12:05:00'),
('victorlive', 'victor@gmail.com', 'hash027', 'https://avatar.com', '2025-01-01 12:10:00'),
('danielita', 'daniela@gmail.com', 'hash028', 'https://avatar.com', '2025-01-01 12:15:00'),
('jorgefps', 'jorge@gmail.com', 'hash029', 'https://avatar.com', '2025-01-01 12:20:00'),
('renatamc', 'renata@gmail.com', 'hash030', 'https://avatar.com', '2025-01-01 12:25:00'),
('oscarlol', 'oscar@gmail.com', 'hash031', 'https://avatar.com', '2025-01-01 12:30:00'),
('karinagames', 'karina@gmail.com', 'hash032', 'https://avatar.com', '2025-01-01 12:35:00'),
('raulstream', 'raul@gmail.com', 'hash033', 'https://avatar.com', '2025-01-01 12:40:00'),
('ximenalive', 'ximena@gmail.com', 'hash034', 'https://avatar.com', '2025-01-01 12:45:00'),
('dieguito', 'diego@gmail.com', 'hash035', 'https://avatar.com', '2025-01-01 12:50:00'),
('anagaming', 'ana@gmail.com', 'hash036', 'https://avatar.com', '2025-01-01 12:55:00'),
('kevinfps', 'kevin@gmail.com', 'hash037', 'https://avatar.com', '2025-01-01 13:00:00'),
('saraplay', 'sara@gmail.com', 'hash038', 'https://avatar.com', '2025-01-01 13:05:00'),
('ivanpro', 'ivan@gmail.com', 'hash039', 'https://avatar.com', '2025-01-01 13:10:00'),
('monicastream', 'monica@gmail.com', 'hash040', 'https://avatar.com', '2025-01-01 13:15:00'),
('albertotv', 'alberto@gmail.com', 'hash041', 'https://avatar.com', '2025-01-01 13:20:00'),
('clarita', 'clara@gmail.com', 'hash042', 'https://avatar.com', '2025-01-01 13:25:00'),
('sergioxd', 'sergio@gmail.com', 'hash043', 'https://avatar.com', '2025-01-01 13:30:00'),
('patriciag', 'patricia@gmail.com', 'hash044', 'https://avatar.com', '2025-01-01 13:35:00'),
('ricardogg', 'ricardo@gmail.com', 'hash045', 'https://avatar.com', '2025-01-01 13:40:00'),
('nataliamc', 'natalia@gmail.com', 'hash046', 'https://avatar.com', '2025-01-01 13:45:00'),
('estebanfps', 'esteban@gmail.com', 'hash047', 'https://avatar.com', '2025-01-01 13:50:00'),
('lorenalive', 'lorena@gmail.com', 'hash048', 'https://avatar.com', '2025-01-01 13:55:00'),
('ramirolol', 'ramiro@gmail.com', 'hash049', 'https://avatar.com', '2025-01-01 14:00:00'),
('paulastream', 'paula@gmail.com', 'hash050', 'https://avatar.com', '2025-01-01 14:05:00'),
('hectorplay', 'hector@gmail.com', 'hash051', 'https://avatar.com', '2025-01-01 14:10:00'),
('gabytv', 'gabriela@gmail.com', 'hash052', 'https://avatar.com', '2025-01-01 14:15:00'),
('samuelpro', 'samuel@gmail.com', 'hash053', 'https://avatar.com', '2025-01-01 14:20:00'),
('martafps', 'marta@gmail.com', 'hash054', 'https://avatar.com', '2025-01-01 14:25:00'),
('julianlive', 'julian@gmail.com', 'hash055', 'https://avatar.com', '2025-01-01 14:30:00'),
('veronicag', 'veronica@gmail.com', 'hash056', 'https://avatar.com', '2025-01-01 14:35:00'),
('felipeyt', 'felipe@gmail.com', 'hash057', 'https://avatar.com', '2025-01-01 14:40:00'),
('isabellive', 'isabel@gmail.com', 'hash058', 'https://avatar.com', '2025-01-01 14:45:00'),
('manuelgg', 'manuel@gmail.com', 'hash059', 'https://avatar.com', '2025-01-01 14:50:00'),
('danastream', 'dana@gmail.com', 'hash060', 'https://avatar.com', '2025-01-01 14:55:00'),
('eduardox', 'eduardo@gmail.com', 'hash061', 'https://avatar.com', '2025-01-01 15:00:00'),
('silviaplay', 'silvia@gmail.com', 'hash062', 'https://avatar.com', '2025-01-01 15:05:00'),
('omarpro', 'omar@gmail.com', 'hash063', 'https://avatar.com', '2025-01-01 15:10:00'),
('danielag', 'daniela2@gmail.com', 'hash064', 'https://avatar.com', '2025-01-01 15:15:00'),
('brunolive', 'bruno@gmail.com', 'hash065', 'https://avatar.com', '2025-01-01 15:20:00'),
('alejandrafps', 'alejandra@gmail.com', 'hash066', 'https://avatar.com', '2025-01-01 15:25:00'),
('cesargg', 'cesar@gmail.com', 'hash067', 'https://avatar.com', '2025-01-01 15:30:00'),
('tamaramc', 'tamara@gmail.com', 'hash068', 'https://avatar.com', '2025-01-01 15:35:00'),
('jorgeplay', 'jorge2@gmail.com', 'hash069', 'https://avatar.com', '2025-01-01 15:40:00'),
('irenetv', 'irene@gmail.com', 'hash070', 'https://avatar.com', '2025-01-01 15:45:00'),
('raulgaming', 'raul2@gmail.com', 'hash071', 'https://avatar.com', '2025-01-01 15:50:00'),
('angelalive', 'angela@gmail.com', 'hash072', 'https://avatar.com', '2025-01-01 15:55:00'),
('sebastianfps', 'sebastian@gmail.com', 'hash073', 'https://avatar.com', '2025-01-01 16:00:00'),
('paolagg', 'paola@gmail.com', 'hash074', 'https://avatar.com', '2025-01-01 16:05:00'),
('marcoslive', 'marcos@gmail.com', 'hash075', 'https://avatar.com', '2025-01-01 16:10:00'),
('noeliaplay', 'noelia@gmail.com', 'hash076', 'https://avatar.com', '2025-01-01 16:15:00'),
('adriangg', 'adrian2@gmail.com', 'hash077', 'https://avatar.com', '2025-01-01 16:20:00'),
('cristinax', 'cristina@gmail.com', 'hash078', 'https://avatar.com', '2025-01-01 16:25:00'),
('franciscotv', 'francisco@gmail.com', 'hash079', 'https://avatar.com', '2025-01-01 16:30:00'),
('yanetlive', 'yanet@gmail.com', 'hash080', 'https://avatar.com', '2025-01-01 16:35:00'),
('leonardomc', 'leonardo@gmail.com', 'hash081', 'https://avatar.com', '2025-01-01 16:40:00'),
('daniflow', 'daniela3@gmail.com', 'hash082', 'https://avatar.com', '2025-01-01 16:45:00'),
('rubengg', 'ruben@gmail.com', 'hash083', 'https://avatar.com', '2025-01-01 16:50:00'),
('nuriaplay', 'nuria@gmail.com', 'hash084', 'https://avatar.com', '2025-01-01 16:55:00'),
('hugofps', 'hugo@gmail.com', 'hash085', 'https://avatar.com', '2025-01-01 17:00:00'),
('claralive', 'clara2@gmail.com', 'hash086', 'https://avatar.com', '2025-01-01 17:05:00'),
('mateopro', 'mateo@gmail.com', 'hash087', 'https://avatar.com', '2025-01-01 17:10:00'),
('esthermc', 'esther@gmail.com', 'hash088', 'https://avatar.com', '2025-01-01 17:15:00'),
('vicentegg', 'vicente@gmail.com', 'hash089', 'https://avatar.com', '2025-01-01 17:20:00'),
('monicalive', 'monica2@gmail.com', 'hash090', 'https://avatar.com', '2025-01-01 17:25:00'),
('rafaelx', 'rafael@gmail.com', 'hash091', 'https://avatar.com', '2025-01-01 17:30:00');


-- INSERTS TABLA CANALES
-- =========================================================
INSERT INTO canales (usuario_id, nombre_canal, descripcion, logo_url, stream_key) VALUES 
(1, 'CanalAlex', 'Streams de Valorant y CS2', 'https://logo.com/1.png', 'STREAMKEY001'),
(2, 'MariaLive', 'Charlas y gameplays variados', 'https://logo.com/2.png', 'STREAMKEY002'),
(3, 'JuanGaming', 'Rankeds de League of Legends', 'https://logo.com/3.png', 'STREAMKEY003'),
(4, 'LuciaFPS', 'Valorant competitivo', 'https://logo.com/4.png', 'STREAMKEY004'),
(5, 'PedroCraft', 'Minecraft survival hardcore', 'https://logo.com/5.png', 'STREAMKEY005'),
(6, 'SofiPlay', 'Gameplay y reacciones', 'https://logo.com/6.png', 'STREAMKEY006'),
(7, 'MiguelZone', 'Shooter y FPS online', 'https://logo.com/7.png', 'STREAMKEY007'),
(8, 'CarlosTV', 'Directos nocturnos', 'https://logo.com/8.png', 'STREAMKEY008'),
(9, 'DaniArena', 'Valorant y Fortnite', 'https://logo.com/9.png', 'STREAMKEY009'),
(10, 'ValeGaming', 'League of Legends y TFT', 'https://logo.com/10.png', 'STREAMKEY010'),
(11, 'FernandoPlay', 'Minecraft técnico', 'https://logo.com/11.png', 'STREAMKEY011'),
(12, 'CamiLive', 'Just chatting y música', 'https://logo.com/12.png', 'STREAMKEY012'),
(13, 'TomasGG', 'Rankeds en soloQ', 'https://logo.com/13.png', 'STREAMKEY013'),
(14, 'NicoLive', 'Directos diarios', 'https://logo.com/14.png', 'STREAMKEY014'),
(15, 'MartinaCraft', 'Minecraft builders', 'https://logo.com/15.png', 'STREAMKEY015'),
(16, 'RobertoTV', 'Valorant ranked', 'https://logo.com/16.png', 'STREAMKEY016'),
(17, 'JulietaGaming', 'LoL y variedad', 'https://logo.com/17.png', 'STREAMKEY017'),
(18, 'CristianFPS', 'Shooter competitivo', 'https://logo.com/18.png', 'STREAMKEY018'),
(19, 'AndresLive', 'Charlas y videojuegos', 'https://logo.com/19.png', 'STREAMKEY019'),
(20, 'ElenaZone', 'Gameplay casual', 'https://logo.com/20.png', 'STREAMKEY020'),
(21, 'PabloGG', 'Directos competitivos', 'https://logo.com/21.png', 'STREAMKEY021'),
(22, 'AdrianLive', 'Valorant con amigos', 'https://logo.com/22.png', 'STREAMKEY022'),
(23, 'GabrielTV', 'Minecraft y mods', 'https://logo.com/23.png', 'STREAMKEY023'),
(24, 'LauraGaming', 'League of Legends support', 'https://logo.com/24.png', 'STREAMKEY024'),
(25, 'SantiagoPlay', 'FPS y Battle Royale', 'https://logo.com/25.png', 'STREAMKEY025'),
(26, 'BeatrizLive', 'Streams de aventuras y charlas', 'https://logo.com/26.png', 'STREAMKEY026'),
(27, 'VictorGaming', 'Rankeds de Valorant', 'https://logo.com/27.png', 'STREAMKEY027'),
(28, 'DanielaTV', 'Gameplay relajado y música', 'https://logo.com/28.png', 'STREAMKEY028'),
(29, 'JorgeFPS', 'Shooter competitivo y torneos', 'https://logo.com/29.png', 'STREAMKEY029'),
(30, 'RenataCraft', 'Minecraft creativo', 'https://logo.com/30.png', 'STREAMKEY030'),
(31, 'OscarLoL', 'SoloQ y análisis de partidas', 'https://logo.com/31.png', 'STREAMKEY031'),
(32, 'KarinaPlay', 'Valorant femenino competitivo', 'https://logo.com/32.png', 'STREAMKEY032'),
(33, 'RaulZone', 'Variedad y directos nocturnos', 'https://logo.com/33.png', 'STREAMKEY033'),
(34, 'XimenaLive', 'Gameplay y reacciones', 'https://logo.com/34.png', 'STREAMKEY034'),
(35, 'DiegoMaster', 'Minecraft survival extremo', 'https://logo.com/35.png', 'STREAMKEY035'),
(36, 'AnaGaming', 'League of Legends support', 'https://logo.com/36.png', 'STREAMKEY036'),
(37, 'KevinFPS', 'Valorant Immortal gameplay', 'https://logo.com/37.png', 'STREAMKEY037'),
(38, 'SaraLive', 'Charlas y gameplays relajados', 'https://logo.com/38.png', 'STREAMKEY038'),
(39, 'IvanGaming', 'Battle Royale y shooters', 'https://logo.com/39.png', 'STREAMKEY039'),
(40, 'MonicaTV', 'Streams diarios de Minecraft', 'https://logo.com/40.png', 'STREAMKEY040'),
(41, 'AlbertoPlay', 'FPS competitivos', 'https://logo.com/41.png', 'STREAMKEY041'),
(42, 'ClaraGG', 'League of Legends y TFT', 'https://logo.com/42.png', 'STREAMKEY042'),
(43, 'SergioLive', 'Valorant con subs', 'https://logo.com/43.png', 'STREAMKEY043'),
(44, 'PatriciaZone', 'Charlas y reacciones', 'https://logo.com/44.png', 'STREAMKEY044'),
(45, 'RicardoGaming', 'Minecraft técnico y mods', 'https://logo.com/45.png', 'STREAMKEY045'),
(46, 'NataliaPlay', 'Gameplays casuales', 'https://logo.com/46.png', 'STREAMKEY046'),
(47, 'EstebanFPS', 'Shooter táctico competitivo', 'https://logo.com/47.png', 'STREAMKEY047'),
(48, 'LorenaTV', 'Streams de aventura y survival', 'https://logo.com/48.png', 'STREAMKEY048'),
(49, 'RamiroLive', 'Rankeds de League of Legends', 'https://logo.com/49.png', 'STREAMKEY049'),
(50, 'PaulaGaming', 'Valorant y Just Chatting', 'https://logo.com/50.png', 'STREAMKEY050'),
(51, 'HectorPlay', 'Shooter online y rankeds', 'https://logo.com/51.png', 'STREAMKEY051'),
(52, 'GabyLive', 'Charlas nocturnas y videojuegos', 'https://logo.com/52.png', 'STREAMKEY052'),
(53, 'SamuelGG', 'League of Legends Challenger', 'https://logo.com/53.png', 'STREAMKEY053'),
(54, 'MartaCraft', 'Minecraft builders y survival', 'https://logo.com/54.png', 'STREAMKEY054'),
(55, 'JulianTV', 'Variedad y FPS', 'https://logo.com/55.png', 'STREAMKEY055'),
(56, 'VeronicaLive', 'Gameplay casual y música', 'https://logo.com/56.png', 'STREAMKEY056'),
(57, 'FelipeGaming', 'Valorant competitivo', 'https://logo.com/57.png', 'STREAMKEY057'),
(58, 'IsabelZone', 'Minecraft hardcore', 'https://logo.com/58.png', 'STREAMKEY058'),
(59, 'ManuelFPS', 'CS2 y Valorant', 'https://logo.com/59.png', 'STREAMKEY059'),
(60, 'DanaPlay', 'Just Chatting y juegos indie', 'https://logo.com/60.png', 'STREAMKEY060'),
(61, 'EduardoGG', 'Rankeds intensas', 'https://logo.com/61.png', 'STREAMKEY061'),
(62, 'SilviaGaming', 'League of Legends y TFT', 'https://logo.com/62.png', 'STREAMKEY062'),
(63, 'OmarLive', 'Gameplay competitivo', 'https://logo.com/63.png', 'STREAMKEY063'),
(64, 'DanielaCraft', 'Minecraft creativo y mods', 'https://logo.com/64.png', 'STREAMKEY064'),
(65, 'BrunoTV', 'Shooter y battle royale', 'https://logo.com/65.png', 'STREAMKEY065'),
(66, 'AlejandraPlay', 'Valorant con viewers', 'https://logo.com/66.png', 'STREAMKEY066'),
(67, 'CesarFPS', 'FPS táctico competitivo', 'https://logo.com/67.png', 'STREAMKEY067'),
(68, 'TamaraLive', 'Charlas y variedad', 'https://logo.com/68.png', 'STREAMKEY068'),
(69, 'JorgeGaming', 'Rankeds de Valorant', 'https://logo.com/69.png', 'STREAMKEY069'),
(70, 'IreneTV', 'Streams diarios y comunidad', 'https://logo.com/70.png', 'STREAMKEY070'),
(71, 'RaulGaming', 'League of Legends support', 'https://logo.com/71.png', 'STREAMKEY071'),
(72, 'AngelaPlay', 'Minecraft survival', 'https://logo.com/72.png', 'STREAMKEY072'),
(73, 'SebastianFPS', 'Valorant competitivo y clips', 'https://logo.com/73.png', 'STREAMKEY073'),
(74, 'PaolaGG', 'Gameplays variados', 'https://logo.com/74.png', 'STREAMKEY074'),
(75, 'MarcosLive', 'Charlando con seguidores', 'https://logo.com/75.png', 'STREAMKEY075'),
(76, 'NoeliaGaming', 'Minecraft y aventuras', 'https://logo.com/76.png', 'STREAMKEY076'),
(77, 'AdrianGG', 'Valorant competitivo y rankeds', 'https://logo.com/77.png', 'STREAMKEY077'),
(78, 'CristinaTV', 'Charlas, música y juegos', 'https://logo.com/78.png', 'STREAMKEY078'),
(79, 'FranciscoFPS', 'Shooter táctico online', 'https://logo.com/79.png', 'STREAMKEY079'),
(80, 'YanetLive', 'Streams diarios de variedad', 'https://logo.com/80.png', 'STREAMKEY080'),
(81, 'LeonardoCraft', 'Minecraft técnico y redstone', 'https://logo.com/81.png', 'STREAMKEY081'),
(82, 'DaniFlow', 'League of Legends y TFT', 'https://logo.com/82.png', 'STREAMKEY082'),
(83, 'RubenGaming', 'Valorant con amigos', 'https://logo.com/83.png', 'STREAMKEY083'),
(84, 'NuriaTV', 'Gameplay relajado y charlas', 'https://logo.com/84.png', 'STREAMKEY084'),
(85, 'HugoFPS', 'Shooter competitivo y torneos', 'https://logo.com/85.png', 'STREAMKEY085'),
(86, 'ClaraLive', 'Minecraft builders', 'https://logo.com/86.png', 'STREAMKEY086'),
(87, 'MateoPlay', 'Valorant y CS2', 'https://logo.com/87.png', 'STREAMKEY087'),
(88, 'EstherGaming', 'League of Legends support', 'https://logo.com/88.png', 'STREAMKEY088'),
(89, 'VicenteGG', 'Gameplay competitivo y viewers', 'https://logo.com/89.png', 'STREAMKEY089'),
(90, 'MonicaLive', 'Charlas y juegos casuales', 'https://logo.com/90.png', 'STREAMKEY090'),
(91, 'RafaelZone', 'Minecraft hardcore', 'https://logo.com/91.png', 'STREAMKEY091');


-- =========================================================
-- INSERTS TABLA LIVE (Unificado)
-- =========================================================
INSERT INTO live (canal_id, titulo, contenido, descripcion, inicio, fin, estado) VALUES 
(1, 'Ranked Immortal en Valorant', 'Gameplay competitivo', 'Subiendo elo con viewers', '2025-05-01 18:00:00', '2025-05-01 22:00:00', 'en_vivo'),
(2, 'Charlando con el chat', 'Just chatting', 'Hablando de videojuegos y anime', '2025-05-02 17:00:00', '2025-05-02 20:00:00', 'finalizado'),
(3, 'SoloQ League of Legends', 'Ranked LoL', 'Intentando llegar a Challenger', '2025-05-03 16:00:00', '2025-05-03 21:00:00', 'en_vivo'),
(4, 'Valorant con suscriptores', 'Gameplay FPS', 'Jugando partidas privadas', '2025-05-04 19:00:00', '2025-05-04 23:00:00', 'en_vivo'),
(5, 'Minecraft Hardcore Día 12', 'Survival extremo', 'Construyendo base principal', '2025-05-05 15:00:00', '2025-05-05 19:00:00', 'finalizado'),
(6, 'Reaccionando videos virales', 'Charlando', 'Noche de risas y clips', '2025-05-06 20:00:00', '2025-05-06 23:30:00', 'en_vivo'),
(7, 'CS2 competitivo', 'FPS online', 'Rankeds con amigos', '2025-05-07 18:30:00', '2025-05-07 22:30:00', 'finalizado'),
(8, 'Directo nocturno chill', 'Gameplay casual', 'Hablando con seguidores', '2025-05-08 22:00:00', '2025-05-09 01:00:00', 'en_vivo'),
(9, 'Valorant Ascendant Rank', 'Competitivo', 'Jugando con viewers', '2025-05-09 18:00:00', '2025-05-09 21:30:00', 'en_vivo'),
(10, 'TFT y League toda la noche', 'Gameplay estratégico', 'Subiendo elo en ranked', '2025-05-10 19:00:00', '2025-05-10 23:59:00', 'finalizado'),
(11, 'Minecraft técnico avanzado', 'Redstone y automatización', 'Granjas automáticas', '2025-05-11 14:00:00', '2025-05-11 18:00:00', 'en_vivo'),
(12, 'Charlando y escuchando música', 'Just chatting', 'Conversando con la comunidad', '2025-05-12 20:00:00', '2025-05-12 23:00:00', 'en_vivo'),
(13, 'Ranked SoloQ Diamante', 'League of Legends', 'Intentando subir a Master', '2025-05-13 17:00:00', '2025-05-13 21:00:00', 'finalizado'),
(14, 'Gameplay de terror', 'Juegos indie', 'Noche de sustos', '2025-05-14 22:00:00', '2025-05-15 00:30:00', 'en_vivo'),
(15, 'Construyendo ciudad medieval', 'Minecraft creativo', 'Proyecto gigante', '2025-05-15 16:00:00', '2025-05-15 20:00:00', 'finalizado'),
(16, 'Valorant competitivo EU', 'FPS táctico', 'Jugando rankeds', '2025-05-16 18:00:00', '2025-05-16 22:00:00', 'en_vivo'),
(17, 'ARAM con seguidores', 'League of Legends', 'Partidas divertidas', '2025-05-17 19:00:00', '2025-05-17 22:00:00', 'en_vivo'),
(18, 'Entrenando aim', 'FPS competitivo', 'Sesión intensa de práctica', '2025-05-18 17:00:00', '2025-05-18 20:00:00', 'finalizado'),
(19, 'Hablando de esports', 'Podcast gaming', 'Noticias y debates', '2025-05-19 21:00:00', '2025-05-19 23:30:00', 'en_vivo'),
(20, 'Gameplay casual relajado', 'Variedad', 'Jugando con la comunidad', '2025-05-20 18:30:00', '2025-05-20 21:30:00', 'en_vivo'),
(21, 'Clips y mejores jugadas', 'Valorant highlights', 'Reaccionando clips', '2025-05-21 20:00:00', '2025-05-21 22:00:00', 'finalizado'),
(22, 'Valorant con seguidores', 'Partidas personalizadas', 'Jugando con viewers', '2025-05-22 18:00:00', '2025-05-22 22:00:00', 'en_vivo'),
(23, 'Minecraft mods extremos', 'Mods survival', 'Nuevo mundo modificado', '2025-05-23 16:00:00', '2025-05-23 20:00:00', 'en_vivo'),
(24, 'Support main en ranked', 'League of Legends', 'Jugando SoloQ support', '2025-05-24 17:00:00', '2025-05-24 21:00:00', 'finalizado'),
(25, 'Battle Royale con amigos', 'FPS online', 'Partidas divertidas', '2025-05-25 19:00:00', '2025-05-25 23:00:00', 'en_vivo'),
(26, 'Charlando con seguidores', 'Just chatting', 'Respondiendo preguntas del chat', '2025-05-26 20:00:00', '2025-05-26 23:00:00', 'en_vivo'),
(27, 'Valorant Ascendant', 'Gameplay competitivo', 'Subiendo elo toda la noche', '2025-05-27 18:00:00', '2025-05-27 22:30:00', 'finalizado'),
(28, 'Noche de música y juegos', 'Variedad', 'Charlas y gameplay relajado', '2025-05-28 19:00:00', '2025-05-28 23:00:00', 'en_vivo'),
(29, 'FPS competitivo ranked', 'Shooter táctico', 'Jugando torneos online', '2025-05-29 17:30:00', '2025-05-29 21:30:00', 'en_vivo'),
(30, 'Minecraft survival cooperativo', 'Survival', 'Construyendo aldeas gigantes', '2025-05-30 16:00:00', '2025-05-30 20:00:00', 'finalizado'),
(31, 'League of Legends SoloQ', 'Ranked LoL', 'Intentando llegar a Master', '2025-05-31 18:00:00', '2025-05-31 22:00:00', 'en_vivo'),
(32, 'Valorant femenino', 'FPS online', 'Jugando rankeds con amigas', '2025-06-01 19:00:00', '2025-06-01 23:00:00', 'en_vivo'),
(33, 'Charlas nocturnas chill', 'Just chatting', 'Hablando de videojuegos', '2025-06-02 22:00:00', '2025-06-03 00:00:00', 'finalizado'),
(34, 'Reacciones y gameplay', 'Variedad', 'Videos y juegos casuales', '2025-06-03 20:00:00', '2025-06-03 23:00:00', 'en_vivo'),
(35, 'Minecraft Hardcore extremo', 'Hardcore', 'Intentando sobrevivir', '2025-06-04 15:00:00', '2025-06-04 19:00:00', 'en_vivo'),
(36, 'Rankeds support main', 'League of Legends', 'Jugando support en SoloQ', '2025-06-05 18:00:00', '2025-06-05 22:00:00', 'finalizado'),
(37, 'Valorant Inmortal', 'Gameplay FPS', 'Jugando con viewers', '2025-06-06 19:00:00', '2025-06-06 23:30:00', 'en_vivo'),
(38, 'Charlando y reaccionando', 'Just chatting', 'Conversaciones con el chat', '2025-06-07 20:00:00', '2025-06-07 23:00:00', 'en_vivo'),
(39, 'Battle Royale extremo', 'FPS online', 'Partidas con amigos', '2025-06-08 18:00:00', '2025-06-08 22:00:00', 'finalizado'),
(40, 'Minecraft creativo', 'Construcción', 'Decorando ciudad medieval', '2025-06-09 16:00:00', '2025-06-09 20:00:00', 'en_vivo'),
(41, 'FPS competitivo online', 'Shooter táctico', 'Torneos y rankeds', '2025-06-10 19:00:00', '2025-06-10 23:00:00', 'en_vivo'),
(42, 'TFT competitivo', 'Estrategia', 'Subiendo elo en ranked', '2025-06-11 18:00:00', '2025-06-11 22:00:00', 'finalizado'),
(43, 'Valorant con seguidores', 'Gameplay competitivo', 'Customs y rankeds', '2025-06-12 20:00:00', '2025-06-12 23:59:00', 'en_vivo'),
(44, 'Charlas de madrugada', 'Just chatting', 'Hablando con la comunidad', '2025-06-13 23:00:00', '2025-06-14 01:00:00', 'en_vivo'),
(45, 'Minecraft técnico', 'Redstone', 'Granjas automáticas avanzadas', '2025-06-14 15:00:00', '2025-06-14 19:00:00', 'finalizado'),
(46, 'Gameplay casual', 'Variedad', 'Jugando con viewers', '2025-06-15 18:00:00', '2025-06-15 21:00:00', 'en_vivo'),
(47, 'Entrenamiento competitivo', 'FPS táctico', 'Práctica intensa de aim', '2025-06-16 17:00:00', '2025-06-16 21:00:00', 'en_vivo'),
(48, 'Survival con seguidores', 'Minecraft', 'Construyendo aldeas', '2025-06-17 16:00:00', '2025-06-17 20:00:00', 'finalizado'),
(49, 'Ranked Challenger', 'League of Legends', 'Intentando top 100', '2025-06-18 18:00:00', '2025-06-18 23:00:00', 'en_vivo'),
(50, 'Valorant y Just Chatting', 'Gameplay y charla', 'Jugando y hablando con viewers', '2025-06-19 19:00:00', '2025-06-19 23:00:00', 'en_vivo');


-- =========================================================
-- INSERTS TABLA SEGUIDORES (Unificado)
-- =========================================================
INSERT INTO seguidores (usuario_id, canal_id) VALUES 
(2, 1),
(3, 1),
(4, 2),
(5, 2),
(6, 3),
(7, 3),
(8, 4),
(9, 4),
(10, 5),
(11, 5),
(12, 6),
(13, 6),
(14, 7),
(15, 7),
(16, 8),
(17, 8),
(18, 9),
(19, 9),
(20, 10),
(21, 10),
(22, 11),
(23, 11),
(24, 12),
(25, 12),
(26, 13),
(27, 13),
(28, 14),
(29, 14),
(30, 15),
(31, 15),
(32, 16),
(33, 16),
(34, 17),
(35, 17),
(36, 18),
(37, 18),
(38, 19),
(39, 19),
(40, 20),
(41, 20),
(42, 21),
(43, 21),
(44, 22),
(45, 22),
(46, 23),
(47, 23),
(48, 24),
(49, 24),
(50, 25),
(51, 26),
(52, 26),
(53, 27),
(54, 27),
(55, 28),
(56, 28),
(57, 29);
INSERT INTO chat_live (usuario_id, texto_chat) VALUES
(1, '¡Hola a todos! Bienvenidos al directo.'),
(12, 'Buenas, ¿se escucha bien el audio?'),
(2, 'Sí, se escucha perfecto por acá.'),
(12, '¡Genial! Gracias por confirmar.'),
(35, '¿A qué hora empieza la presentación del proyecto?'),
(1, 'En un par de minutos empezamos, estamos esperando que entre más gente.'),
(5, '¡Buenas tardes desde Madrid!'),
(22, 'Tengo muchas ganas de ver cómo estructuraron la base de datos.'),
(12, 'Hola a todos, me interesa mucho ver el rendimiento con Postgres.'),
(45, '¿El código va a estar disponible en GitHub?'),
(77, '¡Espero que sí! Me gustaría clonarlo para revisarlo.'),
(1, 'Sí, al final del directo les pasamos el enlace al repositorio.'),
(45, '¡Excelente iniciativa! Muchas gracias.'),
(9, '¿Qué tecnologías usaron para el backend de este chat?'),
(52, 'Seguro usaron Node.js o Python.'),
(77, 'PostgreSQL para la persistencia viene genial.'),
(12, '¿Pero están usando WebSockets para el tiempo real?'),
(1, 'Exacto, combinamos WebSockets con Postgres para mitigar la latencia.'),
(15, '¡Espectacular el rendimiento! No noto nada de lag en los mensajes.'),
(77, 'Postgres aguanta muchísima concurrencia si se indexa bien.'),
(45, '¿Y cómo manejan la conexión de tantos usuarios a la vez?'),
(12, 'Me imagino que con un pool de conexiones como PgBouncer.'),
(1, '¡Buen ojo! Sí, estamos usando PgBouncer en el servidor.'),
(88, 'Buenas, un gusto estar aquí. Saludos desde Argentina.'),
(52, '¿Van a usar Docker para el despliegue final?'),
(22, 'Docker facilita la vida con las bases de datos locales.'),
(45, 'Totalmente, levantas un contenedor de Postgres en dos segundos.'),
(3, 'Hola comunidad, me uní un poco tarde.'),
(3, '¿Me perdí de algo importante del esquema?'),
(12, 'No te preocupes, apenas estamos hablando de la infraestructura.'),
(77, '¿Qué tipo de datos usaron para las llaves primarias?'),
(1, 'En esta tabla usamos BIGSERIAL para optimizar el auto-incremento.'),
(2, '¿Recomiendan usar UUID o SERIAL en producción?'),
(12, 'Depende del tamaño de la app, pero BIGSERIAL es más rápido para un chat.'),
(77, 'Cierto, el UUID ocupa mucho más espacio en disco y ralentiza índices.'),
(45, '¿La base de datos está montada en la nube?'),
(52, 'Podría estar en AWS o Supabase para pruebas rápidas.'),
(88, 'Supabase usa Postgres por debajo, así que las consultas son iguales.'),
(61, 'Hola, me encanta el diseño minimalista de la app.'),
(15, '¡Sí! El tema oscuro quedó muy limpio.'),
(12, '¿Qué framework usaron en el frontend para el renderizado?'),
(1, 'Está desarrollado con React y TailwindCSS.'),
(61, 'TailwindCSS es lo máximo para maquetar rápido.'),
(45, '¿Es responsive? ¿Se ve bien en celulares?'),
(1, 'Sí, está optimizado para cualquier pantalla.'),
(77, '¡Qué gran nivel de optimización! El renderizado es instantáneo.'),
(12, '¿Tienen pensado agregar salas de chat privadas más adelante?'),
(9, 'Eso requeriría una tabla intermedia para los participantes.'),
(77, 'Una tabla de salas y otra de miembros de sala.'),
(1, 'Sí, está en el mapa de desarrollo para la versión 2.0.'),
(2, '¡Buenísimo el tip! Me apunto para el próximo directo.'),
(52, '¿Cómo manejan la seguridad? ¿Hay algún tipo de Rate Limiter?'),
(12, 'Deberían, si no un bot te satura la tabla chat_live en segundos.'),
(77, 'Un limitador de 3 mensajes por segundo por usuario bastaría.'),
(1, 'Exacto, controlamos los ataques DDoS con un rate limiter en el backend.'),
(15, 'Se nota que han pensado en las buenas prácticas de seguridad.'),
(45, '¿Tienen algún grupo de Discord para la comunidad?'),
(88, 'Pasen el link por favor, me gustaría unirme.'),
(1, '¡Claro! Ahí les dejo el enlace en la descripción.'),
(61, '¡Ya me uní! Muchas gracias.'),
(22, '¿Hicieron pruebas de carga antes del directo?'),
(12, 'Estaría bien probar la base de datos con k6 o JMeter.'),
(77, 'k6 es muy moderno y fácil de configurar con JavaScript.'),
(45, '¿Cuántos usuarios soporta esta configuración actual?'),
(1, 'Hicimos pruebas con 10,000 conexiones concurrentes y Postgres ni se enteró.'),
(15, '¡Qué locura de base de datos! Postgres es una roca.'),
(52, 'Es la navaja suiza de las bases de datos de hoy en día.'),
(12, '¿Qué versión de PostgreSQL recomiendan usar actualmente?'),
(2, 'La versión 15 o 16 están muy estables.'),
(77, 'La 16 trae mejoras muy buenas para las consultas lógicas.'),
(9, 'Hola, una pregunta técnica sobre la tabla del chat...'),
(9, '¿Están usando el borrado lógico o físico para los mensajes?'),
(1, 'Usamos ON DELETE CASCADE ligado a la tabla usuarios.'),
(22, 'O sea que si se borra el usuario, sus mensajes desaparecen automáticamente.'),
(12, 'Exacto, así no quedan datos huérfanos en la base de datos.'),
(77, 'Muy limpio el diseño del script de la tabla.'),
(45, '¿Tienen moderadores activos ahora mismo?'),
(52, 'Creo que el bot del sistema está haciendo la moderación automática.'),
(15, 'Jaja, excelente, un dolor de cabeza menos.'),
(88, 'Saludos desde Bolivia, excelente transmisión.'),
(12, '¿El historial del chat se guarda para siempre?'),
(1, 'Por ahora guardamos los últimos 30 días para no saturar el almacenamiento.'),
(77, 'Tiene sentido, los mensajes viejos se pueden archivar o purgar.'),
(45, '¿Se podría exportar el chat a un archivo JSON?'),
(22, 'Con Postgres es fácil usando la función json_build_object().'),
(12, '¡Cierto! Postgres maneja JSON de forma nativa e increíblemente rápido.'),
(61, '¿Habrá una sección de preguntas y respuestas al final?'),
(1, 'Ya estamos en ella, pregunten lo que necesiten.'),
(52, '¿Tienen pensado hacer una aplicación móvil nativa?'),
(12, 'Con React Native podrían reutilizar casi todo el código del frontend.'),
(45, 'O con Flutter, que también compila nativo y rinde muy bien.'),
(77, 'Yo prefiero React Native si el frontend web ya está en React.'),
(1, 'Sí, esa es la idea principal para mantener el mismo ecosistema.'),
(15, '¡Mucho éxito con ese lanzamiento! Se ve prometedor.'),
(88, 'Aprendí un montón de arquitectura hoy, gracias.'),
(2, 'Felicidades por el código tan limpio y ordenado.'),
(12, 'Gracias por responder todas las dudas con tanta claridad.'),
(77, 'Un gran directo, nos vemos en la próxima edición.'),
(45, '¡Adiós a todos! Dejo mi estrella en GitHub.'),
(1, '¡Gracias a todos por asistir! Nos vemos en el próximo deploy.'),
(52, '¡Hasta luego comunidad!'),
(12, '¡Chao! Éxitos.'),
(1, '¡Hola a todos en la segunda parte del evento!'),
(12, 'Buenas, volví por más preguntas.'),
(45, '¿Ya compartieron el link del repositorio actualizado?'),
(1, 'Sí, ya está fijado en el chat.'),
(77, 'Excelente, ya le di una ojeada al esquema.'),
(12, '¿Van a explicar cómo hacer los índices hoy?'),
(22, 'Sería clave ver un ejemplo de CREATE INDEX.'),
(1, 'Podemos verlo rápido antes de cerrar.'),
(77, 'Un índice en usuario_id aceleraría los filtros por usuario.'),
(45, 'Claro, porque los usuarios van a querer ver su propio historial.'),
(12, '¿Y qué tipo de índice recomiendan? ¿B-Tree?'),
(1, 'Para este caso numérico, un índice B-Tree estándar es perfecto.'),
(15, 'Postgres usa B-Tree por defecto, así que es súper sencillo.'),
(52, '¿El texto del chat se puede indexar para buscar palabras clave?'),
(77, 'Para eso sería mejor usar un índice GIN con Full Text Search.'),
(12, 'Uf, Full Text Search en Postgres es de otro nivel.'),
(45, '¿Es mejor eso que usar Elasticsearch?'),
(1, 'Si el proyecto es mediano, Postgres basta y te ahorras otro servidor.'),
(22, 'Totalmente de acuerdo, no metas más tecnologías si Postgres puede hacerlo.'),
(88, '¡Qué gran tip para ahorrar costos en la nube!'),
(12, '¿La tabla chat_live soporta caracteres especiales y emojis?'),
(15, 'Sí, el tipo TEXT en Postgres maneja UTF-8 sin problemas.'),
(77, '👍🔥 ¡Miren, los emojis entran directo a la base de datos!'),
(45, 'Jaja, genial la prueba en vivo.'),
(52, '¿Cómo manejan las zonas horarias si agregan una columna de fecha?'),
(12, 'Siempre hay que usar TIMESTAMP WITH TIME ZONE (timestamptz).'),
(77, 'Regla de oro: guardar en UTC y formatear en el cliente.'),
(1, 'Exactamente, así evitas problemas cuando usuarios de distintos países chatean.'),
(61, 'Tiene mucho sentido, si no los mensajes saldrían desordenados.'),
(12, '¿Cuál es el siguiente paso para el proyecto?'),
(1, 'Implementar las notificaciones push en tiempo real.'),
(45, '¿Usando Firebase o WebPush nativo?'),
(77, 'WebPush nativo te ahorra depender de Google.'),
(12, 'Pero Firebase es más fácil de integrar en móviles.'),
(1, 'Estamos evaluando ambas opciones para ver cuál es más escalable.'),
(15, 'Cualquiera que elijan seguro les queda genial.'),
(22, '¿Van a subir el video completo a YouTube?'),
(1, 'Sí, queda guardado automáticamente en este mismo enlace.'),
(88, 'Perfecto, para repasar la parte de la configuración de PgBouncer.'),
(52, 'Me quedo muy conforme con la explicación de hoy.'),
(12, 'Una última duda... ¿cuánta memoria RAM consume el servidor actual?'),
(1, 'Está corriendo con 2GB de RAM en una instancia pequeña y va sobrado.'),
(77, 'Postgres está extremadamente bien optimizado a nivel de C.'),
(45, '¡Qué locura de eficiencia!'),
(15, 'Por eso sigue siendo el rey de las bases de datos relacionales.'),
(12, '¡Muchas gracias por todo! Nos vemos.'),
(1, '¡Gracias a ustedes por el feedback! Cerramos el directo por hoy.'),
(77, '¡Hasta la próxima! Éxitos con el proyecto.'),
(45, '¡Adiós comunidad! Un saludo.'),
(22, '¡Chao! Gracias por el tiempo.'),
(52, '¡Excelente transmisión! Hasta luego.'),
(1, '¡Bienvenidos al directo de revisión de bugs!'),
(12, '¡Hola! Llegué temprano hoy.'),
(45, 'Buenas, ¿qué errores vamos a solucionar hoy?'),
(1, 'Vamos a revisar la integridad referencial de la tabla chat_live.'),
(77, '¿Había algún problema con los IDs de los usuarios?'),
(1, 'No, pero queríamos confirmar que el ON DELETE CASCADE funcione bien.'),
(12, 'Podemos hacer una prueba borrando el usuario 91 para ver si se borran sus mensajes.'),
(77, 'Si la restricción está bien puesta, Postgres lo hace de forma atómica.'),
(45, '¡Exacto! Es la magia de las claves foráneas.'),
(22, '¿Y qué pasa con el contador del BIGSERIAL si borramos filas?'),
(12, 'El contador sigue sumando, no se reinicia por borrar filas.'),
(77, 'Eso es normal y es lo correcto para evitar colisiones de IDs.'),
(1, 'Exacto, el ID nunca se debe reutilizar.'),
(15, '¡Hola a todos! Qué bueno que siguen con el proyecto.'),
(52, '¿Van a añadir un campo para saber si el mensaje fue editado?'),
(12, 'Un campo booleano is_edited DEFAULT FALSE vendría bien.'),
(77, 'Y quizás un updated_at para saber la fecha de modificación.'),
(1, 'Es una excelente sugerencia para la próxima migración de la tabla.'),
(45, 'Me gusta cómo va evolucionando el diseño de la base de datos.'),
(88, 'Saludos desde Chile, gran directo.'),
(61, '¿La aplicación ya se puede probar en alguna URL pública?'),
(1, 'Todavía está en ambiente de desarrollo, la próxima semana abrimos la beta.'),
(12, '¡Avisen por Discord para testearla duro!'),
(45, 'Sí, yo me apunto para reportar bugs, jaja.'),
(77, '¡Yo también! Me interesa ver cómo se comporta el chat con mucha carga.'),
(15, 'Seguro aguanta sin problemas.'),
(1, 'Los mantendremos informados por las redes.'),
(52, 'Gracias por la transparencia en el desarrollo.'),
(12, '¡Nos vemos en el canal de Discord!'),
(77, '¡Saludos a todos, gran trabajo hoy!'),
(45, '¡Hasta luego! Éxitos.'),
(1, 'Cerramos transmisión, ¡gracias por venir!');
INSERT INTO bloqueados (usuario_id, usuario_bloqueado_id) VALUES
(1, 12),
(1, 45),
(1, 77),
(5, 10),
(10, 5),
(2, 12),
(3, 12),
(4, 12),
(22, 12),
(15, 91),
(15, 90),
(15, 89),
(10, 23),
(14, 52),
(33, 61),
(45, 1),
(50, 4),
(66, 7),
(71, 19),
(88, 3);
>>>>>>> d93add9e5512120abffcdf2f2c06aa72b6df2944
